CREATE TABLE t1(id INT);
CREATE VIEW v1 AS SELECT * FROM t1 WHERE id>10;
INSERT INTO t1 VALUES (5), (8), (10), (20), (30);
SELECT * FROM t1;
id
5
8
10
20
30
SELECT * FROM v1;
id
20
30
CREATE VIEW v1 AS SELECT * FROM t1 WHERE id>10;
ERROR 42S01: Table 'v1' already exists
CREATE VIEW IF NOT EXISTS v1 AS SELECT * FROM t1 WHERE id>10;
Warnings:
Note	1050	Table 'test' already exists
CREATE OR REPLACE VIEW IF NOT EXISTS v1 AS SELECT * FROM t1 WHERE id>10;
ERROR HY000: Incorrect usage of OR REPLACE and IF NOT EXISTS
CREATE OR REPLACE VIEW v1 AS SELECT * FROM t1 WHERE id>10;
INSERT INTO t1 VALUES (50), (80), (3), (2), (40);
SELECT * FROM t1;
id
5
8
10
20
30
50
80
3
2
40
SELECT * FROM v1;
id
20
30
50
80
40
DROP VIEW v1;
DROP TABLE t1;
