CREATE FUNCTION f1(str char(20))
RETURNS CHAR(100)
RETURN CONCAT('Hello, ', str, '!');
SELECT * FROM mysql.proc WHERE name like 'f1';
db	name	type	specific_name	language	sql_data_access	is_deterministic	security_type	param_list	returns	body	definer	created	modified	sql_mode	comment	character_set_client	collation_connection	db_collation	body_utf8
test	f1	FUNCTION	f1	SQL	CONTAINS_SQL	NO	DEFINER	str char(20)	char(100) CHARSET latin1	RETURN CONCAT('Hello, ', str, '!')	root@localhost	2014-08-18 18:59:42	2014-08-18 18:59:42			latin1	latin1_swedish_ci	latin1_swedish_ci	RETURN CONCAT('Hello, ', str, '!')
SELECT f1('world');
f1('world')
Hello, world!
CREATE FUNCTION f1(str char(20))
RETURNS TEXT
RETURN CONCAT('Hello, ', str, '!');
ERROR 42000: FUNCTION f1 already exists
CREATE FUNCTION IF NOT EXISTS f1(str char(20))
RETURNS CHAR(100)
RETURN CONCAT('Hello, ', str, '!');
Warnings:
Note	1304	FUNCTION f1 already exists
CREATE OR REPLACE FUNCTION IF NOT EXISTS f1(str char(20))
RETURNS CHAR(100)
RETURN CONCAT('Hello, ', str, '!');
ERROR HY000: Incorrect usage of OR REPLACE and IF NOT EXISTS
CREATE OR REPLACE FUNCTION f1(str char(20))
RETURNS CHAR(100)
RETURN CONCAT('Hello, ', str, '!');
DROP FUNCTION f1;
CREATE FUNCTION IF NOT EXISTS f1(str char(20))
RETURNS CHAR(100)
RETURN CONCAT('Hello, ', str, '!');
SELECT f1('world');
f1('world')
Hello, world!
DROP FUNCTION f1;
